Repo ID,Repo Name,Commit ID,Date
418452509,Biog,50dbefcaadb76a4f33c73255e1f1fbb0dbc26a43,2021-10-18T17:08:20Z
418452509,Biog,2414428e3353829bf3ae9dde6009eb5c0957c7c2,2021-10-18T14:47:01Z
418452509,Biog,c328dbb720ddb2d649746c6469e2552456718691,2021-10-18T12:58:20Z
418452509,Biog,5bd5990267475da5ea1406c2bc8cd717c1114144,2021-10-18T10:32:07Z
310631607,CLab1,119f793504826ba35c33cc564f150cd341ee1e26,2021-05-25T17:26:24Z
310631607,CLab1,36c0206ef6d54ccf52a7a18442eb63946cf0f611,2021-04-05T16:49:03Z
310631607,CLab1,e34dc147c328cebfcc1f160444290de24f693686,2021-03-10T12:11:40Z
310631607,CLab1,c1a32c669067525083f92b693cacb3af935fce2e,2021-03-01T17:01:21Z
310631607,CLab1,cfe92b0cd5a152580a0be4afd6055482a01da668,2021-02-12T12:03:18Z
310631607,CLab1,3e603dec7c9c851730df811514e55011dbf21c49,2020-11-30T10:32:49Z
310631607,CLab1,5e161192c0ea1cc32db316ac0ebbcde8c303c960,2020-11-25T17:15:38Z
310631607,CLab1,d9120d24315685b273f6a16f9d15f09b68a93d75,2020-11-24T15:56:53Z
310631607,CLab1,5f0d21bb7f7b4877b268a8c3ed43b2bbd68180e8,2020-11-24T15:55:15Z
310631607,CLab1,1870150d40fd718786aa4345ea6a47db1e42d532,2020-11-09T18:02:32Z
310631607,CLab1,fca58f87b18435a9122cb62759bf687fe483879c,2020-11-09T17:53:58Z
310631607,CLab1,e847aa5129c7073d21ddcecc1f6044edd5fe8873,2020-11-09T17:50:13Z
310631607,CLab1,1b7d37d586b5909539714b806de49b0791a69563,2020-11-06T15:20:03Z
408872104,Computer-Networks,f77a0a38b79529fb85eb0f42170fcb58dea3f543,2021-11-10T22:15:47Z
408872104,Computer-Networks,f51db1ff7797e1b1fd8dca05b80086378cb7587d,2021-11-04T14:13:04Z
408872104,Computer-Networks,8ac24ab7c7787dd666902362a0c31529d012ec39,2021-11-02T09:51:14Z
408872104,Computer-Networks,52023e7c969f7d47fecb43b869d368d8315305b3,2021-10-16T15:03:10Z
408872104,Computer-Networks,1d80eb56d06010a0232e37391d632119fb657be2,2021-10-16T12:55:46Z
408872104,Computer-Networks,862c13f2d5d87b9b59afef44c6ea7c73c75d91de,2021-10-15T22:58:12Z
408872104,Computer-Networks,275f4bf8ff543d28fcb7c5b619d1a7056b494199,2021-10-12T12:39:41Z
408872104,Computer-Networks,f8c30a1d2e629b54cb00249287ea735f94db72d7,2021-10-11T09:00:58Z
408872104,Computer-Networks,57ee985835924936cd3983444cb74578417d71a0,2021-10-07T14:05:55Z
408872104,Computer-Networks,7343ba4234088deae382e039847b501175b2a75d,2021-10-06T17:13:48Z
408872104,Computer-Networks,f178f5cc4f7fe17fef2b3e3d71df631801f7dac4,2021-10-06T17:10:59Z
408872104,Computer-Networks,ec19fbdbb1c3e7b79576883511072a3a21c1d568,2021-10-06T17:05:32Z
408872104,Computer-Networks,249b8beb6d7659d785bb5897f9a3ad54545937fa,2021-10-04T15:47:47Z
408872104,Computer-Networks,392a71ea3f969261b3b5b5a235fb96e5a3cb4b89,2021-09-21T16:05:22Z
427045178,Github-API-Access,e1f8af467506684e0d53ab2f75864da258836411,2021-11-19T14:38:12Z
427045178,Github-API-Access,d2cea5687bff35b36af1a8225708caa6c8fbbe0e,2021-11-12T18:43:41Z
427045178,Github-API-Access,0d48aeef287d478fa03ac9fc7c61a1b2829ddcf9,2021-11-12T16:18:38Z
427045178,Github-API-Access,ec7c9e67b327b231beafff89697a892b97b52a81,2021-11-11T21:13:13Z
299920635,git_test,2f2f04e85aab306f7d7c6548e40ed74569e193c6,2020-09-30T13:12:48Z
299920635,git_test,ce7391f38688d3e5d798b80b4ab67e8bfa83761e,2020-09-30T13:09:10Z
310630576,google-homepage,11a199692968660da90b7c584c0e0aab5d2113e7,2020-11-12T10:47:26Z
310630576,google-homepage,24c4dc15839f873e1c1c26d46b68133a80856c93,2020-11-11T18:08:33Z
310630576,google-homepage,68c7474d2feacf20ea7bad96eac13b34f5fceed0,2020-11-11T11:27:46Z
310630576,google-homepage,b6f05c0ba072894fd4e7efd2bb003ef5b2945985,2020-11-09T18:27:46Z
310630576,google-homepage,636ad4af649743ddc1a824bcfcf6137fa343addd,2020-11-09T18:04:17Z
310630576,google-homepage,fea46fdf944db227a6bbe0808d6415588e85c9dc,2020-11-09T11:19:29Z
310630576,google-homepage,9bda58a2a8a4b5b8660b71fae1968c3d8192680a,2020-11-06T15:15:50Z
310630576,google-homepage,1cd2354b593e873f5aca24ddd170a26d0ee80f2a,2020-11-06T15:12:59Z
410941588,LCA,bd0dc0cc2c21af953116850ab5403d5e27c6ce21,2021-10-21T15:58:57Z
410941588,LCA,7eb7990e595bb729adc56c9d38bcef9adacd3984,2021-10-21T14:40:57Z
410941588,LCA,f0c829aa307432956a8e8f5b008c7e2eac922b13,2021-10-11T10:52:15Z
410941588,LCA,1be5a470acafab9250a6d7948d692e618622d140,2021-10-07T14:33:44Z
410941588,LCA,0536cf0a2123cf6d22681110ed86cd963a353583,2021-10-07T14:33:02Z
410941588,LCA,46ab942dc9cc91fbd092074e95863fc9dcf04f88,2021-10-07T13:16:32Z
410941588,LCA,6e895da04aa762bc4852fce66734ec01defef1f8,2021-10-05T12:58:55Z
410941588,LCA,69db438a33f93179f209fada3d7aa12d04be1329,2021-10-04T16:46:12Z
410941588,LCA,be8a99aa0165515883f18e4680974b59d343c7e0,2021-09-30T20:13:04Z
410941588,LCA,482333fdc91e21379f4a1ac08ecf2c2b62210ede,2021-09-30T20:12:49Z
410941588,LCA,3af47c7e3ed6141d8f0d290e20dc90b15b11ae7d,2021-09-27T15:39:14Z
410941588,LCA,7d2534e1d25d57299dd0d8eb00be07574bf20245,2021-09-27T15:36:10Z
426793492,Measuring-Engineering-Report,1cf7a067b667a7ef294075cceafbedce83396800,2021-11-19T14:37:18Z
426793492,Measuring-Engineering-Report,e4c75ef27e4fde01f3a7402c270fb36661ea12b5,2021-11-11T19:55:58Z
426793492,Measuring-Engineering-Report,afc77e1870ea4dc92e1775748ef07d834e87d671,2021-11-11T15:50:02Z
